Feature_1,Feature_2,Feature_3,Feature_4,Label
3.745401188473625,4.100803190340133,9.715326909010507,6.024736801624104,0
9.50714306409916,6.836454346678958,3.3134700710305074,5.290310898271942,1
7.319939418114051,8.080335120125977,4.820410581120825,5.063269502081698,1
5.986584841970366,7.207756332538012,1.9609771273839294,3.6396082940087573,1
1.5601864044243652,2.6797673002864446,6.107800710757683,3.460864297644772,0
1.5599452033620265,3.72150665447127,2.806832155159743,-0.6248670857556693,0
0.5808361216819946,2.2486804307798027,2.0699257843842678,0.3046955013909809,0
8.661761457749352,9.580121616206226,5.16572628445979,6.091882306492085,1
6.011150117432088,5.870818694514794,0.05505799160420821,4.222171412624167,1
7.080725777960454,3.7588039109284717,0.07664032649225327,3.0714525394216983,1
0.20584494295802447,1.0650813812231963,2.1906880910185778,0.1164238072572885,0
9.699098521619943,10.114473895946166,0.3672136250082114,5.579424794278571,1
8.324426408004218,8.867584082394965,1.0802575413069138,3.850928077568554,1
2.1233911067827616,-0.4301060448578573,3.388606493387516,0.888610842317274,0
1.8182496720710062,-0.3438634087455186,8.025856795798129,2.6925364850617175,0
1.8340450985343382,3.9403508052001452,5.720486433693008,2.448643121719222,0
3.0424224295953772,2.9633121218820673,5.126677259564164,2.4544697281287253,0
5.247564316322379,6.610565711067627,2.9348882320812164,1.298682570686485,1
4.319450186421157,4.3760869386820795,9.317537194328164,5.85205244839616,0
2.9122914019804194,2.97180368097191,3.9701504123719165,3.9220658659805068,0
6.118528947223795,7.99509655917579,0.8709276679577149,3.9720647653387178,1
1.3949386065204183,0.36284915008567054,6.170665161178013,1.4109831811887965,0
2.9214464853521815,3.113688039234148,1.138383934766014,1.600746889158377,0
3.663618432936917,2.739067855526832,3.452231428016921,2.860957329644077,0
4.56069984217036,3.6917073873057284,5.074119387178088,4.401380126800516,0
7.851759613930136,7.233415366992857,8.742225246851758,7.2168878697386765,1
1.9967378215835974,2.441005364851023,4.935465803401186,1.7448348530336586,0
5.142344384136116,4.184847140809161,7.022587660316643,4.759944046576611,0
5.924145688620425,8.435657939767466,9.928168389990704,6.3978037659226645,1
0.46450412719997725,0.3247104772390306,1.3148911989798162,2.0825417454407003,0
6.075448519014383,5.701705230691665,2.747315255195195,4.566425375890473,1
1.7052412368729153,0.8257791203245655,3.945760755976464,2.8254055326049157,0
0.6505159298527952,3.544471698560261,4.218281785388314,1.6745691284722526,0
9.488855372533333,9.881964925556483,4.110210752655457,7.387950057266807,1
9.656320330745594,11.720009409682863,9.07611002556555,7.960755969001959,1
8.08397348116461,5.112852735090667,7.140326444668564,5.322996763809304,1
3.0461376917337066,3.5802382234722243,6.079052140907038,4.750154458264155,0
0.9767211400638387,2.755982731310713,3.093727178627821,2.114381996159293,0
6.842330265121569,7.006898243672417,8.237903842212948,5.449492264096186,1
4.4015249373960135,6.532485687526716,9.550605114849889,4.58645103575373,0
1.2203823484477883,0.18580544824704393,8.211982825502265,3.370361567015335,0
4.951769101112702,7.770463981483862,0.01565105191472904,2.943764661398354,1
0.34388521115218396,4.9416814583906845,6.36401370183407,2.2784389817575192,0
9.093204020787821,8.367526899908503,0.5113538144210072,5.011316828163098,1
2.587799816000169,1.6967947731986257,2.5760722033372185,3.7666789435776304,0
6.62522284353982,9.531991797775222,0.5952470034777169,4.5627286750481115,1
3.1171107608941098,6.276255052355534,6.037954529493877,3.560577330560242,0
5.200680211778108,4.154960157471572,6.865899134926067,5.601420427134357,0
5.4671027934327965,4.626729159241082,1.1448763806590512,2.044490407386574,1
1.8485445552552704,1.2849753375342559,3.838388830449795,2.4737159767093826,0
9.695846277645586,7.0069452555770315,4.562365089555421,8.025939015422528,1
7.7513282336111455,5.914024340642749,3.690530217609166,4.764777286695949,1
9.394989415641891,7.386707882137756,1.2102500048519305,4.21293578065744,1
8.948273504276488,7.41267837406823,4.1894779018747546,5.078891234107609,1
5.978999788110851,5.9096300133372885,7.511780478084181,4.153401000138292,0
9.218742350231167,9.68717181530421,0.7100766453325547,4.037632260587647,1
0.884925020519195,3.9859260061473485,0.8018001408190345,0.31249445391527886,0
1.959828624191452,-0.03687945728612996,3.547712918359842,0.6386611684250367,0
0.45227288910538066,2.420917686058548,9.417257116189251,3.0669319133590687,0
3.2533033076326436,2.825325619181626,6.6857264672291405,4.5346467677717115,0
3.8867728968948203,3.7878454775899546,6.786699566725648,3.071640138318184,0
2.713490317738959,4.063129302072166,3.6191999083786497,3.961789055024843,0
8.287375091519294,6.041931048394697,5.9366079120853845,6.435462007912857,1
3.567533266935893,4.332352759303994,0.10131184027743378,2.8447407711752337,1
2.8093450968738076,3.14224951329992,6.360960464095422,2.6551261338133934,0
5.426960831582485,6.411863359598783,9.132869475762368,6.307866485586568,0
1.4092422497476265,1.9875795375632626,6.125734683448192,1.4504076295129575,0
8.021969807540398,12.932570087362187,8.736985934663451,7.522328185005742,1
0.7455064367977082,-0.5299735317049237,7.239730554660938,2.7165117245906667,0
9.868869366005173,8.806875456001539,1.2055841640369025,5.8493611521984405,1
7.722447692966574,6.476166640117045,9.024533072858418,5.39298916271596,1
1.987156815341724,0.8762025770212147,0.6644384435577488,0.297840098461582,0
0.05522117123602399,0.2195530833770114,5.3396747254776376,2.226741221514688,0
8.154614284548341,10.532647346763444,1.4213712379345766,3.555370509430343,1
7.068573438476172,9.90958193445588,0.11706610730904066,4.032612843529921,1
7.2900716804098735,6.148579092910921,4.22034260127639,3.5440008141276085,1
7.712703466859457,6.047992320651,2.9504070765415626,5.589648069058866,1
0.7404465173409036,1.6832776301137118,4.86000493797603,0.5957014252947519,0
3.5846572854427263,2.480211196880784,5.771998867345508,4.0762282406045385,0
1.1586905952512971,2.4245542307623187,0.4373907230894736,1.3361934481984914,0
8.631034258755935,9.036880300458535,1.2300329512374564,3.98775519631963,1
6.232981268275579,3.2014930382811153,5.586423964504253,5.374444390573792,0
3.308980248526492,6.403990651186615,3.4316735317265823,2.9444344471147765,1
0.6355835028602363,4.2273388490512795,7.29173487549448,1.9664703578857243,0
3.109823217156622,1.8842458361878496,6.522916485919397,2.503231870277922,0
3.2518332202674705,2.4764301003955023,8.456043629899067,2.200104007430876,0
7.29606178338064,7.8677925648304505,6.924928266692253,6.075159418997689,1
6.3755747135521315,7.044488293526181,4.299310773901482,2.9127778175844545,1
8.872127425763265,10.189215971108926,6.729666223944324,6.550307779506238,1
4.722149251619493,8.742558329152192,2.753811742554185,2.9237699324937525,1
1.195942459383017,0.8420480043949182,3.063134987782127,2.1960545014643422,0
7.13244787222995,5.535853383153042,7.889851599207933,5.6311339163874905,0
7.607850486168974,4.84921203013992,4.4641951640158215,4.813736005942142,1
5.612771975694963,4.150911895811125,7.983803405183525,5.933397713690835,0
7.70967179954561,7.643417853798016,8.224223736682784,6.657161049861758,1
4.937955963643907,8.527071690679483,8.575623376612837,5.357820951988583,1
5.227328293819941,4.192105695747598,9.166352358412073,5.832837444242118,0
4.275410183585496,4.722986086863293,4.309852205132962,1.895088630125531,0
0.2541912674409519,0.22134547529544774,3.188668183211388,1.8404847686708745,0
1.0789142699330445,3.4557008168292125,5.821987465941138,2.898522168762466,0
0.3142918568673425,5.368156708614586,3.711724234376276,0.25398007017005697,0
6.364104112637804,5.302366566797163,6.010741668002329,4.741194083045399,1
3.143559810763267,2.164680925726823,7.055858626438246,3.649230205685476,0
5.085706911647028,7.174028665785173,6.884050184921369,4.473571726898192,1
9.07566473926093,10.439447718513552,3.7455288702012135,5.995350997259364,1
2.4929222914887497,6.186336942960817,1.6686020169875282,3.178408532671817,1
4.103829230356297,5.271685601008224,4.305293384622075,4.4252693582376,1
7.555511385430487,6.8369272038563675,1.4259414408190874,2.893318931529563,1
2.2879816549162246,3.4692913163008434,8.900970351838083,4.436351923315586,0
0.7697990982879299,2.987206259453745,3.458774607378574,2.751465250892947,0
2.8975145291376805,4.538478891532408,1.5445974722332378,2.2989450269280143,1
1.6122128725400442,2.62676093475464,0.2544775990575088,1.9734301411732416,0
9.29697652342573,11.430325902604038,6.458223862864843,8.598225866273083,1
8.08120379564417,10.419794976535515,6.369023174547433,6.9750183962932955,1
6.334037565104235,9.098355547179288,3.406041665812917,4.438139877937721,1
8.714605901877178,10.012025677056464,0.7171188884765101,5.617527091566296,1
8.036720768991145,7.7024846083574365,4.096288948952321,5.392134902278159,1
1.8657005888603584,2.159127961727004,3.1121749506339356,1.8904058229053153,0
8.925589984899778,11.338607917916491,6.7712063973500936,6.142742675941185,1
5.393422419156507,3.759551077182035,6.057792494526904,6.0774623167684325,0
8.074401551640625,8.811748169386426,3.6459372819754,4.3125532944709315,1
8.960912999234932,8.17423537458021,2.178925542549901,6.6665018870605515,1
3.1800347497186388,3.2375243955882738,9.880359661555918,5.053989397066466,0
1.1005192452767676,3.657422970491365,4.540016211961149,0.5129583114247869,0
2.279351625419417,2.6615497614592236,6.88274235780237,3.5721478130418407,0
4.271077886262563,4.363950982574861,1.4055296757836078,0.45717133821474,1
8.18014765922493,5.460435377265092,4.855896996593978,6.1723509454216945,1
8.607305832563434,10.099812964617875,0.27536719869465487,5.2714945588791045,1
0.06952130531190703,1.3604896675940579,5.054551179104499,0.9587700507352496,0
5.107473025775658,9.433982472386578,9.640174071177023,5.569336430196518,1
4.17411003148779,3.558553561581788,3.8420671298580023,5.193832588451581,0
2.2210781047073027,2.659378760035181,0.38996012574911587,0.7217803858164494,0
1.198653673336828,1.6974210407583386,0.3095579091934353,-0.3667133776301559,0
3.3761517140362796,6.531058273563229,3.879867599468695,4.333699539321347,1
9.429097039125192,9.238505974351288,1.6002493646319405,7.157210519482973,1
3.2320293202075523,3.7900723717482308,0.23352096328185912,1.6897666209361812,1
5.187906217433661,6.403699236866739,7.562136139501768,5.874056985975717,1
7.030189588951778,7.4034078352644945,4.585230088818907,6.232139736652442,1
3.63629602379294,2.743428794691883,2.8924477197265452,1.9433980952760497,0
9.717820827209607,10.106000813006222,9.000831830164808,7.073854127286377,1
9.624472949421111,11.771736449140656,1.161389602005256,6.391527868466867,1
2.5178229582536416,0.4647923594315211,9.559188289553193,5.811682244701288,0
4.972485058923855,5.238424407217607,3.139667173773528,3.9910235417683406,1
3.0087830981676964,1.60854146828935,8.884036723086812,3.2897882125078373,0
2.848404943774676,5.2384982016243615,6.029428764794615,5.220092213025164,0
0.36886947354532795,-2.6775043360222215,8.267073597414875,2.1335859181851617,0
6.095643339798968,4.977799645255792,9.840131632104644,5.664723378359425,0
5.026790232288615,5.781213982417657,2.8840543781874572,3.7209492640901662,1
0.5147875124998935,3.6458355709685746,9.61135485407593,4.6949606331875,0
2.7864646423661146,2.654964120220139,3.8948189490242036,3.415653982442542,0
9.082658859666537,7.972259806280141,3.8551190473692234,6.112730644405946,1
2.395618906669724,6.157933045550904,3.403871042545057,2.6822592962164853,1
1.448948720912231,0.447079079920257,5.414076073475852,2.3922118511423367,0
4.89452760277563,0.4969156895354665,1.541450431784871,3.4678384454417825,0
9.856504541106007,10.736533441212671,5.537114853580112,4.059826648932734,1
2.4205527151150044,1.416444266409782,5.41704812410004,2.538783335717716,0
6.721355474058786,4.6788898397973595,7.6190181260487,5.887705109760784,0
7.616196153287175,9.032909047885882,8.336499619375855,5.158033878836837,1
2.3763754399239967,2.8639768674663943,4.404413503124241,2.8958350887108306,0
7.282163486118596,6.154006224645139,3.0233324935149373,4.343610270127657,1
3.677831327192532,1.1172225298507432,2.5933489731709445,4.372396053863039,0
6.3230583059357945,8.067972962496084,1.9462383670487193,5.318420388297369,1
6.335297107608947,7.635699463526269,0.5764758219902488,2.8747857312833855,1
5.357746840747585,5.159395113188819,3.424479788347133,3.5553796453112367,1
0.902897700544083,4.596171692639414,2.7024769213078326,1.1882443610559987,0
8.35302495589238,6.212855423240075,9.664173858664073,6.624105159385788,1
3.2078006497173583,0.1567503078678807,5.577088262500439,3.4720517876369374,0
1.8651851039985423,0.48136896423605346,3.4727703903050755,1.2161416002032035,0
0.40775141554763916,0.31657938283664355,5.80467600993696,0.8146631758173812,0
5.908929431882418,6.395608330527802,1.391967013456955,3.994766043878564,1
6.775643618422825,6.293171502710165,4.4404374920220295,5.349482641039832,1
0.16587828927856152,0.8699890823071551,6.262343214210638,1.15732634924248,0
5.12093058299281,2.617851734611922,4.888978317924514,4.922514217636358,0
2.2649577519793795,5.1524869601258985,4.017788006543243,1.7062375487873314,0
6.451727904094499,6.287425547309361,9.938483888996982,6.460574356784326,0
1.7436642900499144,3.97825595322617,8.80314762148927,4.333120444084194,0
6.90937738102466,7.594828073780068,6.234059581594401,5.291294000286937,1
3.867353463005374,4.780859901312942,5.693773611822827,4.09654972719067,0
9.367299887367345,10.506834447831753,6.2066047982458405,6.029201739269853,1
1.3752094414599325,2.2706265614945624,2.0131210782243327,1.0950744607691687,0
3.410663510502585,4.696109030237673,3.951377432643186,2.684885554163908,0
1.1347352124058907,3.7930402726707535,0.3945953289089932,-0.06083214166459561,0
9.246936182785628,9.639978522188569,4.7554603748682664,5.873332040737512,1
8.77339353380981,10.191401048986833,5.4302458395766315,4.467152219914148,1
2.579416277151556,2.3999448885771026,2.277497361032096,1.481803599743302,0
6.59984046034179,9.480074891240736,9.640288471655138,5.907131278297766,1
8.172222002012159,6.819437397893619,9.09454610937242,6.558295081322425,1
5.5520081159946235,9.153888981816255,7.221432354559059,4.70093631849425,1
5.296505783560065,5.216189882271378,5.333866287653626,4.1866485782159915,1
2.418522909004517,-0.44302729523157947,8.69969159647685,4.298610451531378,0
0.9310276780589921,1.1872365078805707,1.3065234382346291,1.7319879446324074,0
8.972157579533267,7.610054264583505,7.90509794274885,6.207842945743021,1
9.004180571633304,10.685467669610752,1.248208139668483,3.6733518723280527,1
6.33101457273268,5.025766614127898,7.942106625494054,4.506094861771453,0
3.390297910487007,2.497931044057448,2.7576756825135695,2.035248738802647,0
3.492095746126609,-0.2869857157644531,8.770905810181889,4.025398298301362,0
7.259556788702394,6.354944150204241,9.440420938253979,5.691908609629934,0
8.971102599525771,4.123343946267858,1.4879596940511564,3.635822543728338,1
8.870864242651173,5.703058595679726,4.626756050653935,5.367338109047579,1
7.798755458576238,9.319584770864832,9.809873781626852,7.023766483890146,1
6.420316461542877,7.9919167788445415,4.834074359731466,5.255410004526444,1
0.8413996499504883,1.6923147735204178,8.635475225145452,2.4539193394105583,0
1.6162871409461377,-0.3176651453122883,5.887315221313198,2.161340314723594,0
8.985541885270793,8.890119172986834,3.753299079196019,4.692062357546892,1
6.0642905965958995,6.0570855184147625,2.857835555258702,3.8580567945007838,1
0.09197051616629648,-2.2247588622187893,2.0322309108608727,-0.19277410284940455,0
1.014715428660321,4.0215120321946225,7.617981913776973,3.3658801017044526,0
6.635017691080558,8.389742272231901,3.8654050682302787,2.691263874075251,1
0.05061583846218687,-0.391312509197141,5.112754622007511,1.1995046333808843,0
1.6080805141749865,1.6618521921640481,4.9232548000118195,2.5821240362827815,0
5.487337893665861,5.904103509560967,5.772790292331313,4.659340550854829,1
6.918951976926932,2.835482240078351,8.655771456245523,8.74924108931762,0
6.519612595026006,6.025257829984812,9.807393435834294,6.551824352831199,0
2.242693094605598,0.878724598610001,4.075842085738169,1.3400445761822397,0
7.121792213475358,5.118552193685527,8.27518922106303,5.947988625967515,0
2.3724908749680007,1.8102902891960908,7.645277946547177,1.7035824879817016,0
3.2539969815926773,6.849370035291722,5.735289514555733,3.2669855958662977,1
7.464914051180242,8.746599773714262,9.56047143611933,5.767542399425161,1
6.496328990472147,5.3539710109065535,2.004745155284028,4.764978317381443,1
8.49223410494178,9.637399667654098,1.0926421030962141,4.024369408804219,1
6.576128923003433,9.374839796175438,8.539619669554222,5.733184446572737,1
5.683086033354716,7.532353399180254,4.391498166337483,3.5234346251741995,1
0.9367476782809248,1.056008418121273,8.469688542070605,4.748131753614976,0
3.6771580305943354,2.3832844751831876,8.930902051954149,4.1966068647655,0
2.6520236768172545,4.048470304044434,0.6245759361907144,3.3459416627450436,1
2.4398964337908358,3.2268672046343347,8.834647629860607,4.684494267971866,0
9.730105547524456,11.52049198757992,4.483190553694222,6.692076667205881,1
3.930977246667604,5.201320850031543,5.104324890042323,3.865519237664018,0
8.920465551771134,11.019570982409803,6.265925110932102,6.73380760738145,1
6.311386259972629,5.240915836851493,9.263826067300867,4.007168370830965,0
7.948113035416484,10.582901166685136,0.1911609442976403,3.752521406846778,1
5.026370931051921,5.42157014043672,4.768434683178171,4.788873841663733,1
5.769038846263591,9.919560591514122,6.877220424305607,4.898788366949372,1
4.925176938188639,3.5468013020095035,7.227069576982284,3.22551949538543,0
1.952429877980445,5.424357484310944,6.92532431537108,3.001407783024077,0
7.224521152615053,7.620342719540349,1.3443512940812186,5.719671480787383,1
2.807723624408558,1.5048876171796612,2.9939558837168123,3.5489402928540423,0
0.2431596643145384,-0.7246120037941047,3.587155254170135,1.135722399042278,0
6.454722959071678,5.814028342683038,8.04437207679505,6.592122379632441,0
1.7711067940704894,2.6194386868743225,2.7875987241455302,1.355325993910852,0
9.404585843529143,10.450256819600142,2.1070496386720317,3.630536226539461,1
9.539285770025874,8.391885762148716,9.574480190380962,6.717520953997671,1
9.148643902204485,9.099934717682519,0.088632851134689,6.163800574950847,1
3.7015870025544437,7.986127719778171,9.978208556819782,4.570262986493852,0
0.15456616528867428,3.609652505490097,6.768212988573956,1.8643629998415059,0
9.283185625877254,10.155832965225319,8.28469299449117,6.827162515011098,1
4.281841483173143,4.357848439509544,2.9461939634619316,4.928915520198158,1
9.666548190436696,9.906610843873219,0.14315277667059978,6.502178843581591,1
9.636199770892528,10.863235716353362,7.3786951856153005,9.250488674578989,1
8.530094554673601,6.484509424276791,8.341445970006758,6.608435857938777,1
2.944488920695857,2.4297358458491667,7.404761319535192,3.989297344955581,0
3.8509772860192526,0.5138091382640737,1.428502873008386,0.837396955491351,0
8.511366715168569,9.309812960379126,7.53427922256969,7.992901550473466,1
3.1692200515627764,4.463611930968258,7.689227821076409,2.7235988208363757,0
1.6949274668609249,0.7285545422621769,6.585405156700549,3.039860844203256,0
5.568012624583502,8.715986151163568,7.661159327955862,3.9850515830456654,1
9.36154774160781,6.910016415603128,8.459214396777321,6.629671363098405,1
6.96029796674973,4.03154820633009,6.136041142374584,4.48369889503754,0
5.700611700893649,6.149515338013593,0.8860471396967906,2.508244731680044,1
0.9717649377076854,3.065961542931994,4.876278096672109,1.4096431947064967,0
6.150072266991698,9.517927649907435,0.7764933467160506,2.759715342585587,1
9.900538501042632,8.982769975304752,4.075430310324308,7.006232255398916,1
1.4008401523652403,3.5582018192278317,4.071064891256277,0.8168767504969832,0
5.183296523637368,5.106279584635953,0.6600984414024158,3.0102192212532755,1
8.773730719279554,8.428476119397914,3.488205339694793,6.651286113853773,1
7.407686177542044,9.17500605251539,1.1099809879131484,3.5236410206315707,1
6.97015740995268,8.27480316677952,8.082352100092221,5.191865444256405,1
7.024840839871093,3.872056525902594,9.476880259644707,6.1249598726487084,0
3.5949115121975517,6.547992211649343,0.7231647525793861,3.194130390233302,1
2.9359184426449336,5.696101150939837,9.551152072917015,4.527412474150929,0
8.093611554785136,6.842486151766077,5.225765993367451,5.0833212807952055,1
8.101133946791808,8.892741013666626,2.9956567795387388,5.4331406584455655,1
8.670723185801037,9.658783558366515,0.7686207527616351,3.463655668892586,1
9.132405525564714,9.653753057212528,5.006242680704178,6.749435077436558,1
5.113423988609378,4.012813680918538,7.945155444907487,5.3488659354787025,0
5.015162946871996,3.671916210995893,7.070864772666981,4.321032434097209,0
7.9829517896677515,7.931843647684861,0.5022601146397376,3.303568130778566,1
6.4996393077776515,8.845097346296381,0.7290183536790351,2.581844237709079,1
7.019668772577034,8.106869081765899,4.028732826326371,5.2532715705323385,1
7.95792669436101,7.216698030188798,2.9529049404794327,6.0938153318133965,1
8.900053418175663,10.443450839472352,2.3238432305604784,4.50987193122718,1
3.379951568515358,-2.317133672744793,2.810044989087136,2.991375984535304,0
3.75582952639944,6.053360927143647,8.034827432968846,2.201335974488305,0
0.93981939840869,-2.5396081591475093,9.29228053631854,2.6729761294427075,0
5.78280140996174,5.057919527155476,4.051026945275664,4.075649855692667,1
0.35942273796742086,0.8799170512848669,9.061110021324971,1.988360958399368,0
4.655980181324601,2.0666172298827896,3.21495701247882,2.3559708196163505,0
5.426446347075766,7.748099921832805,4.764369863437916,3.4747545761003718,1
2.865412521282844,1.9300101186590615,2.260289978159997,2.402985982415794,0
5.9083326056901075,6.601340369151539,6.404760421758439,4.688265410966211,1
0.3050024993904943,0.21116134163212613,9.78981115174809,0.8512133618947018,0
0.37348188749214417,1.327563541938387,6.034930960433787,-0.12347992075885816,0
8.226005606596583,8.379649388717095,3.5781408411354887,4.579579877781763,1
3.601906414112629,1.03592196573549,6.478174459905284,4.202092131081452,0
1.2706051265188478,3.263138765413128,1.2292067846538757,0.7434402440696481,0
5.222432600548044,4.234919434225419,8.886590802653986,4.777463364918587,0
7.699935530986108,4.586771733666606,5.030839507798364,4.832971761315142,1
2.1582102749684315,1.3019799530366065,4.49349742039642,3.81549214181159,0
6.228904758190002,9.230424339458624,5.858647884535192,4.487024932742695,1
0.85347464993768,2.5539181341646655,6.2478386278940246,2.684077898077976,0
0.516817211686077,-0.18048705712964142,0.7177580622651303,0.6149931646100408,0
5.31354631568148,4.6150309070446225,6.826172212234024,2.5740583417037466,0
5.406351216101065,4.7630811136663,2.419316803155296,4.197177865628859,1
6.374299014982066,10.527794982103748,7.139526325065898,5.54440391046709,1
7.260913337226615,8.024784241689721,8.225347943841967,6.606329691440488,1
9.758520794625346,10.618604089007485,8.039585075525203,11.21737362640656,1
5.163003483011953,7.223570391075637,5.525009674078891,2.154891704231055,1
3.2295647294124596,3.7071430474654865,5.201698923107512,4.899988691399592,0
7.9518619476870365,7.43377765604563,1.4287596133941172,4.117111338461397,1
2.708322512620742,2.3156228144507858,7.753461504031356,3.9675286119227873,0
4.389714207056361,4.246511688228233,2.7140938044671437,2.9635729995670816,1
0.7845638134226596,0.7101193404029764,4.966954228179466,1.458131841767126,0
0.2535074341545751,1.7087665214285348,2.842740929275167,0.4097430676210789,0
9.626484146779251,9.73037591839385,1.3382836299969314,5.544235897961714,1
8.359801205122059,9.825081359553216,6.2955769689173655,4.55139999656456,1
6.95974206093698,6.798308900719816,0.5433203482290383,4.393446302458967,1
4.089529444142698,4.24679982477488,7.486452341262,3.874506019564695,0
1.7329432007084578,-2.2634581683557577,3.1758679526111666,0.6891626470972212,0
1.5643704267108605,3.3970257761158233,0.0013469300448532007,0.3325764343730725,0
2.502428981645953,3.1954059334419385,5.111291392372298,4.041751125397239,0
5.4922666470612045,7.488286866780509,0.46851908527603126,2.3513539620971886,1
7.145959227000623,1.3534484706132446,2.761695578208995,4.759941905172631,0
6.601973767177313,10.778723176738769,7.069764874557162,4.690960070240331,1
2.7993389694594284,2.5201597131490807,0.6268962162186587,2.3456601995189312,0
9.54865280663194,11.765018440106974,8.393384923560024,7.977849619174182,1
7.378969166957685,5.2991573127066225,0.03819922658583108,5.549553184751003,1
5.543540525114007,6.769088335239146,2.4682386920190225,3.336677924663495,1
6.117207462343522,4.0103763359962095,7.409040561520714,5.949970704385882,0
4.196000624277899,2.948462702886289,3.162701497293068,3.1448783008658143,0
2.4773098950115746,6.305372602745146,1.0189238806601353,2.840203893566842,1
3.559726786512616,3.178361984985923,3.6023391880042785,2.141732762048861,0
7.578461104643691,8.013326851003137,2.7039328638452553,5.345415724352703,1
0.14393488629755868,1.884070347675067,8.427119021605549,2.4054058535137623,0
1.1607264050691624,2.1520901810143718,3.1334791758514315,1.4562187781815128,0
0.4600264202175275,0.7608642305046803,7.889324717760072,2.688563109885158,0
0.40728802318970136,1.1372100281221522,8.918721448107348,3.131500842453732,0
8.554605840110073,13.361437010586624,4.338174195765295,5.462526135662666,1
7.036578593800237,6.921340999733066,9.09943143854392,6.462831911633821,1
4.741738290873252,5.143936384303188,3.7731805396319285,5.080941364888389,1
0.9783416065100148,3.0796503985252386,9.640784164901081,4.366855738340551,0
4.916158751168323,7.127210617084291,0.8928952452557293,3.5951025416577767,1
4.734717707805657,7.108778318926417,6.870192665032428,3.972877127388686,1
1.7320186991001518,3.0094791431585213,4.938140404569287,1.4582106426925376,0
4.33851649237973,2.052506666918763,3.8764880545564706,4.287505220794559,0
3.9850473439737346,7.2519104085759265,6.327118787486009,4.766706100762464,1
6.158500980522165,3.865810194484789,7.038570916343312,6.663492440915058,0
6.350936508676438,6.956207439154504,0.04363269650309087,2.5845774373199166,1
0.4530400977204452,0.0555116023182707,1.6695308874719872,0.49783065974147167,0
3.746126146264712,3.617849453078727,7.130460506343187,2.372717062509878,0
6.258599157142363,6.916123977749324,6.663854135782064,4.735984713244928,1
5.031362585800877,5.674077016701423,9.660475051286772,6.410394318865917,0
8.564898411883222,9.408739920353792,7.61037790250783,6.099067197465762,1
6.58693631618945,9.814358854306745,9.50772707731338,6.786266076489563,1
1.629344270814297,2.5364128738422567,7.02540501534807,2.731790534013758,0
0.7056874740042984,0.21737420342300107,2.9805220863944317,1.5710573911420394,0
6.424192782063156,8.35236711863987,1.0536492225085647,2.3804997679684803,1
0.26511310541621813,2.644054083265499,7.818238633449356,2.563237592376817,0
5.8577558127346325,3.4025401824606476,6.441492214759159,1.8701895998943403,0
9.402302414249576,10.597102553949291,0.4818601239329623,4.6588130861426915,1
5.75474177875879,7.157087263380586,3.6005046590097836,2.3270490433671904,1
3.881699262065219,3.2865722553452352,9.567998154842861,6.0172435940322835,0
6.432882184423532,9.18429581104677,5.0040114571020125,5.495051882106881,1
4.582528904915167,4.2824177308501135,4.327291360197046,4.056122842482779,0
5.45616789315935,5.707320800102434,4.57699605159294,5.622188989216937,1
9.41464808776525,9.068504439197511,2.0888272400516374,4.385055695073279,1
3.8610263780077423,3.892184473170677,3.6870717086479523,4.783997899513816,0
9.611905638239142,7.4193554644487385,3.698132559871766,6.8475841513414855,1
9.053506419560637,6.173404654372049,0.523550201874724,4.447262983123791,1
1.9579113478929644,5.146921474342909,7.675676285179183,4.417278706683181,0
0.6936130087516545,0.000309687885001,4.16504431903879,0.4900262876758301,0
1.0077800137742665,-0.9750046851383478,8.221798868164234,2.1459155058087296,0
0.18221825651549728,-4.124561970691932,8.503480011198954,2.0335634083777347,0
0.944429607559284,-0.33349388781972045,2.1199405469865806,0.5792192598116008,0
6.830067734163569,4.183888147348572,6.573534821701285,4.3305366708319175,0
0.7118864846022899,3.995916804875028,4.722818041629817,2.9958717218854147,0
3.189756302937613,5.209390481622881,8.80156737921485,3.9764939648634297,0
8.448753109694545,7.072452419339097,2.157406791764541,5.224103560733514,1
0.23271935735825866,4.737590968046876,6.778132003100442,1.5794479131955812,0
8.144684825889358,10.108215799872546,6.077521222527226,4.07499547915433,1
2.8185477477339993,2.1688849807167543,2.953014775718328,2.56523566497392,0
1.1816482762165625,-3.8171631535305837,1.3660090365117261,-0.9116281263579777,0
6.967371653641506,11.54925679882299,6.516397604772766,5.369971062167115,1
6.28942846779884,3.5102835342716476,7.385974581323307,3.9921915694636008,0
8.77472013527053,5.483922641356745,3.1562734376334998,7.3215180981561225,1
7.350710438038858,9.395851302058139,6.448326040223138,6.5212157532610915,1
8.034809303848485,12.91431411652703,3.9513090761150327,5.308551166030233,1
2.820345725713065,5.588891362734101,7.132068832826177,4.813500190359054,0
1.7743954377972282,2.9022136779019476,1.992152748940531,0.6385275661150376,0
7.506147516408584,8.695656199739156,8.902150026361744,6.967198144782908,1
8.06834739267264,9.775178510233255,2.8740959646557975,5.096212919451773,1
9.905051420006734,11.422908599580264,3.677859877561529,6.3199037546054955,1
4.126176769114265,4.688559617053016,0.5809195208034978,3.5097177409049496,1
3.720180857927832,3.928583065831584,1.115122123212764,2.9271191687075473,1
7.764129607419968,7.638943351620924,5.158619027123281,5.718374174671992,1
3.4080354025301784,1.900106224796826,2.675926767279715,0.8519082952207078,0
9.307573256035647,8.7462231023021,8.354802257421944,6.200181009964943,1
8.584127518430119,5.198213890039348,0.14693388654953843,4.213434991584196,1
4.289940273750183,4.093261020160683,3.7909404867193617,3.375624657167551,0
7.508710677914974,5.531528463613139,3.3734554676909267,3.636188254590841,1
7.545428740846823,5.338250106415281,0.19327630917601035,6.2423739387546355,1
1.031238688359326,1.3910269906662829,1.2436839900051022,2.4051185964347663,0
9.025529066795666,11.809533639484865,4.136426749186352,6.355810878546222,1
5.052523724478571,6.8891569364831975,4.928645844474467,4.07689247686537,1
8.264574661077416,5.123573453831062,4.042897472548691,5.132947602402163,1
3.2004960103061175,1.2212397371654424,5.309376784120938,2.2411425803671046,0
8.955232284962005,10.836774660938437,5.951316749056815,6.34049168571691,1
3.892016787341631,1.9270420002650117,0.0992382112783563,2.233532397197073,0
0.1083765148029836,-0.3408897851910656,4.640951594535039,0.20471316028037911,0
9.053819764192637,10.153923962241741,9.634992408875883,7.75158402200398,1
0.9128667678613356,0.023822141865935,5.190322801295487,1.8582711754945649,0
3.1931363759041487,3.4038873881960683,6.775422674589532,1.7213874324515426,0
9.50061967050805,6.83256868067164,3.118638579168832,4.825516398225172,1
9.506071469375561,8.303336181473133,7.739913781527625,6.661404335724424,1
5.734378881232861,6.373942749517935,7.729214818761151,7.073641543584966,1
6.318372121697992,3.1323846546346537,5.212960476541389,5.279627328345171,0
4.4844552197831975,5.365404695703996,9.760138232792135,3.834787510629348,0
2.9321077169806453,2.892832119127283,1.2555021476265338,2.32874079219592,0
3.2866454536991596,4.391625362533455,0.16947664889580993,0.14686173257995727,1
6.725184560770384,7.173012828899707,7.701582117570959,6.755757969543553,1
7.5237452943768,10.252026154324488,8.071555373648826,5.712214607465169,1
7.915790437258485,8.1662394425543,1.2020722912057624,4.2248807172518,1
7.896181427945539,7.037370345695033,2.6558283295860607,6.0706358603907775,1
0.9120610304869037,1.1566560365514713,0.1755236336662891,-0.7784759632409114,0
4.944203047025814,6.03079910509859,2.933086107805647,1.9549091707416102,1
0.5755876001664428,0.6733077408178515,7.731418739186715,2.0236200954932313,0
5.495288823237355,5.5764722056451195,5.179605277125789,5.339904845775731,1
4.41530501373377,3.011321638120259,3.480955931682881,1.7325932108949067,0
8.877041827582998,7.551239992481102,3.717392949063303,2.721583200399921,1
3.5091501255207866,0.7039395819213996,0.013536257154681541,1.307477081497799,0
1.1706701642760586,4.6698236506499375,2.9980052756523587,2.036477464744657,0
1.4299168205283586,0.0578096502542116,6.464587416379305,3.8545963849167997,0
7.615106317174723,6.229295921582908,9.741944438163571,6.266975127951033,0
6.182180633162611,4.745366102024216,8.470608269838994,5.220846190417001,0
1.0112267612279024,2.8010755151167848,0.23594964645529126,1.730299008806286,0
0.8410680611499743,0.2511687045659188,8.985606046748394,1.2464741449040848,0
7.009691314591199,9.505175459938666,7.83198413298626,5.465920122008468,1
0.7276300636419353,-0.6193511848458018,7.803761235709804,2.895367292458966,0
8.218600592903563,8.776588917351168,4.579957590035715,5.93250629474753,1
7.062422271564962,5.391728165045448,3.980052929545028,4.215420321455107,1
0.8134878064189976,5.103786061965774,3.029157288331926,1.349932101414918,0
0.8483771408519192,0.5268196972071064,0.6569485895436578,0.8670542061239326,0
9.866395785011754,10.48603720546581,2.282353634936991,4.959655570653126,1
3.742707957561203,5.0102617194254,2.4660363497802464,3.0646735962691425,1
3.706421470668909,4.534019665571906,4.840770697102016,2.3231479102103796,0
8.127995672575025,7.757420354819609,7.4744440659669396,6.365315277667191,1
9.472485773838587,9.212844374371734,4.7380982839794665,6.604544872915831,1
9.860010638228708,9.947633582186928,0.5784444944716061,4.760989466598071,1
7.533781852589416,7.239777849332439,9.57789800988204,6.810724100255891,1
3.762595855309158,5.690354088898977,9.427243190941123,3.746738319652304,0
0.8350071669866876,5.25605317016939,7.851895431484084,2.5664609332425226,0
7.771469159274368,6.6564855892587005,9.913279015642205,7.469934453919068,1
5.58404249735805,2.8444365381998944,5.444823328002629,4.582441208048248,0
4.242220092469763,4.065655995767253,9.627683502532062,4.422883827430565,0
9.06354385094736,14.222962526255998,0.7560504061675077,4.982803451614725,1
1.1119748230615134,-0.4953743128779482,3.656807482613713,2.3676394469514888,0
4.926251042908591,8.204484653796726,2.253812680067658,1.0893280468971147,1
0.11353644767419069,3.4689380758270723,1.9583308413427003,1.8033415411958031,0
4.6866064199412625,3.5794299365252735,1.4080294889267608,2.4294573179675876,1
0.5630327568183735,1.7009989151889242,6.224136415659967,2.5742472363474067,0
1.1881791626807192,4.4449724089377955,7.813218557473051,4.1353020722275025,0
1.1752624677710488,0.41700698579607465,5.782983994203606,0.9508527349161404,0
6.492103021160636,6.0849423009559125,1.4696270958820967,2.9774986369174004,1
7.460448792654233,6.297086964756946,8.111237699334708,5.875047010251824,1
5.833687650971596,3.8041741895858623,6.359547071637285,4.040954425852555,0
9.621725484745419,8.323170394613404,3.881657061269955,7.710296436590505,1
3.748705795237041,1.3008252617125278,6.74130295536063,3.0399716903999163,0
2.8571208628186073,2.9252877993370596,2.5990497924283282,1.6527285896509354,0
8.685991281894603,7.14604481977732,3.451922084942105,5.58296129803291,1
2.235958385194526,2.7035302087760216,9.174858431319903,2.668287195917145,0
9.632225394406113,6.520434101998859,2.905045056714204,5.291945502461053,1
0.12154474689816341,0.7833052113270775,4.699882681579366,1.7881904391730665,0
9.69878826707639,11.365846190294238,8.901411373960146,7.186957141343727,1
0.43159911950576113,-3.5558721656371497,7.077213502675274,2.2455767516555145,0
8.911431136980712,9.659544276675856,0.6220322616470275,4.112993134536094,1
5.277011090862999,7.732349075809584,1.4730304427897034,1.5659443690876436,1
9.929647961193004,7.510365923810593,0.07841590771916818,5.3099419642514905,1
0.7379656473539886,4.083110421029396,6.309217902291634,4.016681266011726,0
5.538542844013207,6.376580862745298,4.4767342541041835,4.130693329021296,1
9.69302535619099,8.283001644674172,1.3427485090227553,5.474601348049871,1
5.230978441701488,5.119440286386076,9.579341210567705,6.182014339137915,0
6.293986381352625,7.41064020639607,5.296597239456199,3.4666418659664737,1
6.957486889846171,7.109497672670995,2.418932941128892,5.906937985391359,1
4.545410647677732,5.622922632570471,5.006035711547075,3.9768448337257905,1
6.275580800840634,4.434233614681902,6.796203327351078,6.8085082977147495,0
5.843143119231002,6.181864767303159,0.7623921797356448,2.4172562180122057,1
9.01158010490989,6.184151111099929,2.74703815047892,7.1479634201564455,1
0.4544638034145787,0.23201168071717806,8.069654908839937,3.4232838683940536,0
2.809631895922303,1.0018166129927235,4.596648704026612,3.336850645021493,0
9.504114840765588,8.033054955586055,5.465771420322949,6.625813300832827,1
8.902637838909163,11.374824189330038,4.328160022094693,5.501238308008539,1
4.55656752785713,6.739187769045667,0.4389994264300512,3.610515250331453,1
6.201325978015367,7.419602219829721,1.6574977982015593,3.7382721983161984,1
2.7738118298113266,0.5891863004661686,4.455416387418909,0.7564611275441837,0
1.881211597237613,1.2483946978480094,2.0918546540792784,0.4509757331355877,0
4.636984049399821,7.063179449358188,0.49979028659678737,2.2825833584861996,1
3.533522280260528,3.8169561075403378,8.436496640518238,4.60770911545129,0
5.836561118508721,10.475220198472108,9.811925291641158,5.805269657846811,1
0.7773463696498484,1.563982048438592,7.931428739967394,3.9870725966088054,0
9.743948076661665,10.128046309641729,8.53784921704667,5.482226939406209,1
9.86210744479603,9.243874516391026,2.419771303170454,5.800573049854311,1
6.981617140197452,7.248698949762017,9.606269755131997,4.55471027125117,0
5.360963663441204,5.056023990680116,1.9692570445342839,4.030971240565056,1
3.0952761628632777,4.511493516240458,9.514298103618323,4.307468798075132,0
8.137950197069486,10.051354830658655,9.94819293965951,7.473042952456715,1
6.847311725538793,5.275332804522894,7.117228057460487,4.694941319417776,0
1.626169393448913,0.036296513666643,9.81143731791822,5.035980823757673,0
9.109271844938425,5.436861098731832,5.695397795671036,7.304979925229375,1
8.22537242923169,9.241355083056778,2.595417831760903,5.474855867156004,1
9.49799913291924,7.291265920571493,4.369958856656209,5.930469976593042,1
7.2571950838836,2.951413897978634,5.93560935378786,5.98913763337329,0
6.134151959357899,6.911309168419828,0.7308156202701499,2.5794280977726456,1
4.182430362906189,9.16842939777177,6.223432646172461,4.813800634325545,1
9.327284833540133,9.315143010460346,9.811778367622946,9.25665682138087,1
8.660638895004084,10.337620443907367,1.9010764978372763,5.97125295683241,1
0.45218670106189407,0.6158454181570241,7.925951162883833,1.8742762295886874,0
0.26366974497252005,0.06589043859023472,9.078987937796194,3.216948571098221,0
3.7646336687804958,5.602786634756033,9.437015928202207,3.420280069092262,0
8.105533307818328,7.524984219441026,9.601356044054473,7.505563778301182,1
9.872761293149445,10.40754592129325,5.214596387214719,6.951362975601677,1
1.5041689110352818,2.147564523427309,9.773079079915037,1.8141918399599881,0
5.941307153521351,4.605126246235254,7.573102071344389,4.080800354251629,0
3.8089085663102153,5.792993265383261,1.616714362369619,2.106329695122226,1
9.699143978146033,9.349224464755215,4.7690010646797,5.9794125613361,1
8.421189231357086,6.909698912371397,7.18331175372004,5.15611120637575,1
8.383287047111379,9.456306734252186,2.473403158190833,5.322643200365123,1
4.686931597949703,2.889995634367628,6.406151835488874,4.516784958562026,0
4.148195023376652,4.204557338114909,6.666004790466192,3.8796298168496643,0
2.7340707193070624,2.715832726018655,1.6269974380856589,1.0993430909208657,0
0.5637549665092711,2.7355460981724273,5.650853124527563,3.025840547029468,0
8.647223762550531,9.596620228310437,7.716269109786077,8.293899727299383,1
8.129010091300776,8.078956173810488,4.988956645359419,5.077630555411677,1
9.997176732861305,11.63270933126188,0.12103116776107425,4.422730799604154,1
9.966368370739055,12.746783468773682,0.09038469079292177,5.5015072580194,1
5.5543170560262745,6.6699376687299985,3.570293439700122,3.490217180176188,1
7.689874151805105,7.7105793914918666,9.26194068431782,6.484122080534664,1
9.44765729882428,6.823984834123961,2.286767796036088,6.149512139947638,1
8.496473906774115,6.36624658062337,6.343636888716872,4.241971932494826,1
2.4734810174319763,1.863031608722641,2.2207587069332058,3.221270445648619,0
4.505441353100935,3.286416948782369,3.216699896595486,3.2904111698584546,0
1.2915941515149498,0.9176515455440578,8.48042089601484,2.7784301999997467,0
9.540510272587223,9.653810122381438,7.288614422699469,6.867605308882004,1
6.0617463445088005,7.121131853222262,0.9539927731321063,3.2795003592145506,1
2.2864280550346274,2.145430498916445,4.287020209864336,0.698118787031689,0
6.7170068440585675,7.690010131710971,0.2916976364526447,4.940950940418313,1
6.181282404578958,6.310231234199199,4.80890146603009,4.574637274369125,1
3.5816271803284048,-0.36930595237933783,6.62434011701068,4.221117755714782,0
1.1355759219962902,-0.7430948656412184,1.1850262359815156,1.8748456023666424,0
6.715731955927996,6.427556844484766,2.8888493890916567,3.2033583371311947,1
5.2030770090379335,2.7836875233557183,3.9783662550215695,4.268520280060666,0
7.723183917356393,8.923041377348802,9.195310246560497,6.352543941747552,1
5.201635011119934,8.263136675807328,9.93255015422964,6.427353327045353,1
8.5218150031854,10.959338706580034,0.44911298995615856,2.268413978228052,1
5.519068387744856,5.0921826458844395,7.61007923495392,4.943463664117335,0
5.609379715353863,8.590831989053767,3.717240664023432,3.317041401099999,1
8.76653602658345,9.063870940987673,3.9245818622948003,5.99290552261432,1
4.034828662123971,3.360656719887892,7.542649733470227,4.750253438471256,0
1.3401522845064073,0.11334695742452783,9.184264321454087,2.717729543867404,0
0.28782676313338973,-0.31711260984286693,9.509285945025484,2.284525300898296,0
7.55137255673619,6.775018919653733,5.771225860383208,5.396388667925728,1
6.203095513534647,6.5439279582856225,3.571211593005028,3.2762690073536236,1
7.0407976809922355,7.361945643091965,7.875490858587792,6.725029793524582,1
2.129641615089107,2.135733655395936,2.5100138326230024,1.448617756884008,0
1.3637147558676976,2.2375910953603975,5.640740288335177,-0.5329087548872393,0
0.14544665667881929,2.526739206251502,3.5857846152487314,0.7736366562922228,0
3.5058755880659698,5.404983858948617,6.566310737078761,2.684287194312641,0
5.899176868546331,2.9293809316465236,2.403989128935069,2.0395093574927405,0
3.922440450997323,0.1854018188065867,1.9159294573482577,1.2985724244805665,0
4.374749220237291,6.2433890427158385,9.182390866754371,5.051500341977927,0
9.041586944937483,6.307829548106641,1.018036829495369,6.1548453495655835,1
3.4825546702330037,3.0330238664476368,5.059579077349317,3.5723355321862766,0
5.139894891598108,2.799668839479389,2.208527829630089,2.6260024064723413,0
7.8365301274114305,4.232569252251391,0.3892996332566745,4.49095914885342,1
3.9654278232127016,5.048353279622278,0.3601881829142639,1.631680056261638,1
6.220867002278735,7.739177322884029,1.7522177210582734,2.9414984482937045,1
8.623637087467452,7.470616286014014,8.667703545060002,5.757766939018742,1
9.495206236576422,4.313121652286602,2.8247874397702666,3.8432105434675714,1
1.4707348092903794,0.37824591278541386,9.504591705752958,3.196821209811632,0
9.265876251614944,10.049484262420037,5.816222929891936,6.5358584946951845,1
4.921162930795382,1.9633397932471244,4.366141897687661,3.6738003646890993,0
2.5824438829895833,2.9491637225478944,5.800888346694546,2.6155215175557966,0
4.591357562382613,4.560737864036621,5.166983852262677,2.9000278761733287,0
9.800325752854771,10.958908752056947,7.587762537573251,7.784737829384329,1
4.926180939928696,5.165341676757003,2.8249606597285224,1.99344674793632,1
3.287516102875082,1.341378221111971,3.530503916003024,3.478937140081924,0
6.334008543167258,8.727151546496241,8.940943025332507,4.847070160256656,1
2.401456187781931,2.084397041727991,9.464565131504054,3.2876623959891464,0
0.7586332810866392,0.7040242020667755,8.925582274864745,1.5902061323870658,0
1.2887972191064923,-0.5777386990398998,4.194479939573136,1.4013404445395503,0
1.2804583895777244,0.39389388719470375,7.803655030068817,3.956638162287486,0
1.5190269351229435,-0.2505784929308583,4.763357333010988,2.7041487559087245,0
1.3882717264941014,1.0423796066472555,4.975398521461022,3.1651775317133923,0
6.4087474480321465,9.832164408316833,2.0468010905728393,4.340556597121861,1
1.8188008439914483,-0.9250014418712644,5.911303032585165,1.5791215032409043,0
3.456672833238632,0.2295500374851498,1.8613589775334793,1.9559548855518025,0
8.967884099060118,11.910224754047334,3.3156469906719375,4.698437017614177,1
4.739616402628723,4.320969048324991,8.550302016199351,6.265473710213207,0
6.675577385210271,5.337431907890438,2.0707580921085524,2.7622274738113894,1
1.7231987120162984,3.8030080868084513,0.7115828517343281,1.9687719009175584,0
1.9228901880867078,0.7116591086129795,0.690075926128163,2.0614217419905723,0
0.40868616266478863,4.060705589758661,9.407845205031078,4.856316844557805,0
1.6893506307216455,3.0452023734001834,5.069204379618347,1.9557500366168292,0
2.7859033903195862,1.810080574028181,4.094120718170183,3.33351007019101,0
1.7701048427674682,6.084721269298475,8.108785810079183,5.599340000946332,0
0.8870253375705561,-0.3244045084361207,8.35825927910516,2.3333487755831297,0
1.206358711006008,2.6905494550246223,3.321910331156046,0.06471220731745819,0
4.607787680327258,5.206372841140242,6.936180574737953,2.5047379786772503,0
2.063337184057925,4.666819762855521,7.711228158518866,4.057749068445954,0
3.6426986104807546,6.76572100393446,6.546506868659545,1.9021511577796573,0
5.034172708548569,5.098181006680102,1.5159507480009937,2.5995525257366596,1
6.903948286293653,5.397112545601287,8.75883083517057,6.516936580736959,0
0.39312139841098936,1.313065684289222,5.390945527360087,1.9990198942434345,0
7.994103989090426,6.638673249586214,2.8247242637000367,5.269914137839396,1
6.279003894909078,10.305778389962324,4.252281854376939,4.637476359568475,1
0.8175903194887191,1.090660981654194,0.3757109039890738,1.800374244254475,0
8.735786241067773,8.005143138443556,1.2786680122241756,3.7991771434623423,1
9.208724005318132,9.57808461704795,7.655467505158608,6.224007115748117,1
0.6107795985486375,-2.0834729805107557,0.00011634755366141114,-0.4672347417304068,0
2.7687764814720373,0.8255484044507342,4.165658284822921,3.464277538045505,0
8.062012797930613,10.462840613819465,5.225101810855884,6.4989355306171355,1
7.482596903836583,6.168808345893792,0.546344200009723,4.356427031239717,1
1.8452101935637732,-0.24861177180010596,9.730781629723328,5.025333252588813,0
2.093493233367103,3.1667987384216754,2.261253312496719,0.5470817430561865,0
3.70472102791382,6.076129337239814,3.0419871963628085,4.4321807844168895,1
4.845229851910213,6.283136473240347,3.0394251225502735,4.857681084432446,1
6.1825477153029595,8.174643086914593,2.304166621173499,4.518145841249276,1
3.689136395697724,2.1755462185588024,0.01473822086311416,3.6307885728788563,1
4.625347161331479,1.7817258278477919,7.293447940879964,2.8440847552519553,0
7.474709381337565,10.477376685248538,9.668454997992853,6.1134430538039854,1
0.366832028905979,-0.2785276487782925,2.242934832850451,0.12099300362617238,0
2.5243694434402073,2.0227034105301125,6.630471918034225,3.972805620887714,0
7.133495858845524,9.78988414254364,7.418963269587151,4.742296170696761,1
8.952068376871994,10.064528395673314,8.484253790905248,7.778805475045056,1
5.116774421156661,6.028549965319876,4.226291970136091,5.196810945615871,1
5.321134852653157,9.651139542455326,3.0293090564042924,4.264563043331865,1
1.0717201133977605,-0.21531634736252547,3.252951340230311,1.7954964824294746,0
4.474123668234546,6.329803924397021,7.126213330985128,3.387052492512063,0
5.326172664550231,5.440198914344401,8.16779466505636,4.26657376566666,0
2.4247050363472966,2.9618895940738104,1.8161396775660266,3.006813326740123,0
2.6924323094938094,5.749369162318873,3.7094100815776523,3.2383881831255326,1
3.7728416310462265,4.788513143625474,9.0194019674915,4.553221886393019,0
0.20071197777726368,1.2773041358765296,8.066935196947393,2.102527002206959,0
3.220791655831783,5.365806330451387,9.848584027624758,2.5391631630919425,0
2.1144800699654462,1.3845746108796755,7.542482596820808,2.2491323953445264,0
3.2749735217791462,1.5965541871011335,3.9319520102792227,4.728491451113063,0
1.1976213181925122,-0.891997069849555,5.906378339946378,1.090268590077703,0
8.90527280739895,4.9725596286469465,6.610142542473203,6.625158987662516,1
5.935924535540487,10.048338795421131,0.7845581631712395,4.210773689916813,1
6.791023191444896,4.58460646000153,5.444969591038651,3.774079805031751,1
7.891712386073383,7.449205138901839,7.093208284726096,6.258529153235604,1
4.984421989290572,4.430795389512731,1.6732130400106038,3.9320904441591225,1
0.8692028808742369,1.4840162764924383,7.806317174255572,2.78899591462104,0
5.371065418185478,7.0025398432640715,5.8377278051411166,7.305254106301842,1
5.868411180208791,7.589358156928282,9.522217856975946,4.122271688318984,0
7.4543947418433,6.288239864705424,0.42422298206891695,4.913192795426204,1
4.316595462296794,3.982352034723971,2.6532613755546697,2.7814744064183334,1
1.2758030279556376,1.840962928932237,6.015538792998241,3.214483306713966,0
2.8377590579872445,2.34037680562015,2.9655991220593068,2.74986641731066,0
3.630822963986351,6.845514116026337,7.144241640712422,3.225527777096905,0
6.459172413316012,7.441122316592515,7.59005282521931,5.735598446683139,1
5.707783046689119,7.177538618788754,1.0251596406647445,1.3035379641456957,1
3.5609672589784624,4.886729796313288,5.138544642067677,3.925294522680928,0
9.865152487929796,12.212100202900446,5.088905555910559,6.757406376728591,1
6.057748193568871,6.419791310976285,3.6928077021554104,4.77537657607416,1
2.372267917359945,-0.2213959785517483,9.32924862569672,5.043026871476139,0
1.0178247262040374,1.8172006297093206,8.275063198732212,3.3590511629313933,0
1.5285913918433203,0.2258776042596622,6.972093819096368,3.0040132614488466,0
2.459577283845081,1.4023439203455674,7.143266357349976,2.4917002124662413,0
1.6068137325955567,2.779541770105743,4.617161438131191,1.476334534088085,0
1.8656702405130576,4.342236383380329,9.209945210965758,4.882553303723587,0
2.850951686938471,2.893494840410594,6.945954272532854,4.9455975309350695,0
1.7337359529475482,2.351401978145476,7.289810616558165,2.8157007251291697,0
8.967654246264251,12.372084135534728,8.616909037873452,7.114902581747435,1
0.8023374566164221,1.2838438155935585,2.74071589342191,0.318769121341018,0
5.245113895702547,10.448480124063337,8.07070903866703,6.216526504718827,1
4.103968269896615,5.234987561159704,1.9524060295649204,3.3031227675095627,1
9.823786169086064,6.3022606507744285,3.453419522448878,7.889136377741444,1
1.1203890216805235,2.6270722638895885,3.356104542698427,0.6887027964700508,0
3.9785559904574166,4.740872760222972,9.785254683891406,4.546846501377913,0
9.69470433275369,12.27420984091918,8.565372237479268,7.648409760146197,1
8.655071258939802,10.00143396147972,7.011698615902597,7.077534751966451,1
8.1707207094928,7.893808741525252,7.270567616153901,6.050863002044938,1
2.579028270449398,0.1304317978706666,5.6207279440257105,2.1027714279787117,0
1.7088758739006582,1.2908293593286078,9.47090667108519,4.577117467199457,0
6.68643219924431,4.98539129082571,4.962587528823615,5.553127720814821,1
9.293759891275858,8.132712991666413,3.8051770986989455,4.872158974683888,1
5.567628930139298,6.744785738980517,1.63035336931591,4.6283632769699175,1
5.7161268946989985,9.05593590340181,7.86205652261058,6.386879113329276,1
2.7997909366028417,3.589133996248804,7.344439320755915,3.737523761775988,0
7.694929331919369,5.303163207849,3.8435503852413486,5.080127643908125,1
1.8704374855752337,2.759642822015515,0.2519341395922936,1.564856755781212,0
3.2367923640424365,5.630055337333738,8.389973277180108,3.273685094918992,0
4.254364386164168,3.034798577525404,0.11417983454073632,2.1914676226083873,1
5.07610378684455,4.808069453498715,7.0369977962905095,2.496767687700248,0
2.4240973241508024,2.4534737136091964,9.70257109726057,4.999275636756508,0
1.1483682473920354,-0.42142837877244466,4.376613281482035,0.3256748856987688,0
6.1062004244163255,7.402761292104044,2.349734049959528,5.26144025562502,1
2.8863055324025577,2.6444092351869948,7.0487101004338175,3.227645702364974,0
5.812382214226123,6.651447102040178,8.171281420155852,5.145908551228641,1
1.5436271527420231,-0.2313572028621771,5.464303160778473,1.7833706185200477,0
4.811401018548175,3.9364844179013536,9.670352752561461,5.018767461120449,0
5.325894325515859,6.770657041171401,0.516687216579611,4.236484672879849,1
0.5182353682242691,-0.2274309359592649,5.047955983045282,-0.7143041775093604,0
3.366042781939206,6.819970484406016,7.184539473225501,5.115348619025441,0
1.3441467693897424,0.5448743981605377,8.626404711491789,3.598018279244116,0
0.6337497047276774,1.0831191562314493,1.7925561190779005,-0.3523799597700067,0
9.899602323899453,11.764783987645632,8.000034817636815,6.274499214191533,1
3.2235384497472297,0.3868069838811663,5.527070757185452,4.9462834792374535,0
8.09874445854635,4.5771268345847975,3.965536819899632,4.293526395300333,1
2.5464065476376385,-0.504906081502551,1.3171502857909356,0.5149978489601406,0
6.8150272222392925,9.340195429093656,8.652957589089125,7.140715430211113,1
7.6022785988968655,6.498562307111972,1.5727320817971535,4.611511800273493,1
5.956387406078443,11.072785977414949,3.0978785920909924,2.96963170413012,1
4.715761885501584,3.5872666881868067,2.9004553196243688,3.4446425140427213,0
4.118409141472686,4.48751174786676,8.714140341908543,3.6476939896686282,0
3.4886826654299528,6.572902570565704,6.72702994208898,4.863271713764275,0
9.29529144247826,13.307477218796505,7.966813971913723,8.09906087768638,1
8.306194077877292,12.429201231150088,2.50467898792499,5.436506934138086,1
9.650269106665126,12.067001567851412,6.248740996069989,7.061417913400577,1
1.2429722348554473,3.2910972864783723,5.717459831437487,4.097912191726343,0
7.308674752036443,8.49372865043881,8.32830376788271,6.15251483377126,1
9.383404568210379,10.940126720543654,9.060870604812605,6.22808934012817,1
1.8123306616566015,0.7099592289995347,0.12156771477386807,1.392109558092768,0
0.664962673667775,-0.9714350931768394,6.740199190587926,4.440588143547378,0
7.4112064929005905,7.404457578078686,0.5183579911972902,2.8463511506236303,1
5.744731131799119,5.404361886749262,5.488586650773559,4.157478794437641,1
8.41828776758272,7.51183166892817,2.876327290436782,5.488488109023847,1
1.397723766262895,2.7904986611763256,3.067765995221412,1.5652868326921319,0
7.952673118598902,9.863283535739924,3.5295850345235658,4.052908489279206,1
2.0162732004774453,2.19308697306114,6.212924490496102,3.993871803618024,0
1.636559428657045,4.591619590767569,3.340499656687692,4.14047033335209,0
1.6426579793099294,-0.6407202489570807,7.326990505902804,3.2155576004497135,0
8.14574720231382,7.758428283754385,4.045273855738697,4.382387468142519,1
6.651972206962001,5.2183275657563915,0.6835320030995862,1.9820851793574015,1
5.230654247691193,1.4975810135450733,7.837598424841072,5.224582632519099,0
3.5883048412350247,3.4229434695496264,2.85758324592706,3.7553047377118878,0
8.772005408131083,8.528510391364515,4.3276687959926265,6.1594710893587115,1
3.924451074226354,6.951350560710615,6.8544388322190155,4.016153345860028,1
8.16599439471577,9.427617763825326,3.32456157148712,4.491094017014715,1
4.391349085702184,2.342975437043774,0.5658565614671562,1.273267878573149,0
3.769444294249076,7.477629426917453,3.739210470128136,3.8412366144878605,1
4.626797856696064,7.0688652477467695,9.444485826943033,6.060516297816527,0
3.0137787416414206,4.177974148578652,6.417343972985582,1.8863627760256514,0
7.476093801762511,7.023125604062847,6.71479148667207,7.3423233250635604,1
5.027203900924792,3.1083254274778325,6.322821536376399,4.984519632269317,0
2.322126951468173,1.577713399326067,1.989921389594368,3.1576345377581907,0
8.995745732745684,11.173242972154057,4.183338641022801,4.410746710194567,1
3.8389122137321143,7.608084825601333,7.509397983633183,2.806451346540573,0
5.435528611139886,8.522015667684265,1.0137289755315915,2.872913688462124,1
9.06472110964547,8.087022266072921,2.7785277608971226,5.868703309987066,1
6.242379959139921,4.0031450925618985,2.763191084658536,5.746508127894485,1
1.1689804070836407,1.4507529009060485,4.32018927594506,2.5866259001404694,0
9.398321236134752,5.861442505009048,9.803687409421851,7.397585564081898,1
6.277080530714178,6.923415959083741,0.6750254668382194,2.3146786977426625,1
3.3490561465708613,3.053850973973524,5.1870099438059505,4.4606316291463655,0
1.3927207266338726,0.4606477228973881,1.7936468201221045,0.2697489836028528,0
7.9402518927029595,4.750845758169369,9.706765454097441,8.510624137353034,0
6.200727559285135,7.227927772424568,1.133035047274642,3.155889644218451,1
5.334610919763215,4.269209240439393,4.036010023615912,5.468690539584232,1
8.938925830509577,6.599092159089,7.378849848346062,7.362049159817885,1
7.885972112245307,2.1414476856820084,7.045544280274453,5.919653850762532,0
1.5167487973275118,1.4617189872262393,4.227286368939323,1.507163937519426,0
3.1172206779554825,6.661723871294971,3.4652416795271823,2.257274965489816,1
2.4848913981446574,5.807409827240397,3.9761237855287055,2.863599527106178,1
7.43946292572677,6.525270412554226,2.642762631586393,4.58971674855702,1
0.3353243473577938,-0.8690997733657673,2.053329387067998,0.18984958173059108,0
5.698896848713165,6.636445360863212,4.8303969755889,4.132936106715619,1
7.624586857406905,5.627815979030323,2.685337560676073,4.696471726625425,1
8.767656367617494,9.371240167256426,2.874616648972501,3.117479084085685,1
3.4208174871590744,4.952978043928455,6.56756063474557,4.138845048791907,0
8.212573046720129,10.666439494488744,9.685373316998922,6.032177293742935,1
1.1063173695520723,0.9060092165921667,6.036372005593751,1.2107378832484166,0
8.464522917345182,8.05717541699125,0.7697946706496628,2.775855512756779,1
1.2748866233198242,-0.4810785501932979,0.7558361385406698,-0.9296983446457773,0
3.9728729056036727,2.3191121975239524,9.51423220845566,3.485258612226245,0
7.972953657795536,7.519995873992483,2.9729079030733363,4.1693282421892786,1
1.4991742734877378,2.233905287120094,0.9206698608247543,2.979047232517863,0
2.2925139523264146,4.1196832047929135,5.990445871503816,2.4175110617191478,0
7.222525683930662,5.616167782569972,6.236487782902661,5.65995928310416,1
7.200365365460744,10.185742503379787,6.485048201186881,5.946178529592765,1
6.411476328852973,5.869229126767835,2.674020278575413,4.139009434214959,1
6.939484444671001,6.896749855974129,0.15110684214475034,3.4376308142529317,1
5.427244433475962,3.932821075180315,9.650153694544718,4.413374561502152,0
2.5179905890695276,-2.3304899314763556,2.508930456911025,3.462601979887283,0
3.4569599350391944,5.225050727761294,6.760262880525475,5.563755475315125,0
1.8159771680142567,3.289664962199123,7.0662986987870955,1.345219499520571,0
9.084505613336283,8.521850499099857,6.100074170794857,5.348246467020219,1
5.833917947661204,5.967899382110948,3.129073942136482,3.5758708140945403,1
4.008514167636399,5.040392603044598,2.7109625376406576,1.8530080502002053,1
4.620058036441327,1.4949663226682413,5.976682827027031,4.608999419784637,0
9.472833396118153,8.414728041425564,8.660956336116914,6.6064313964875385,1
1.533514031160802,3.122043390404456,9.467337289233956,5.77201427015719,0
5.862298320167972,3.3537194738294733,1.0590580440375763,4.439415167638855,1
5.05888678884466,5.646002653177918,1.5482861259771985,3.2065032628477046,1
6.1145423543464785,3.4013787450996684,9.447362587830796,6.9184662168422095,0
0.18110183820840509,1.113961803075458,7.365352283347926,3.4060570284658893,0
8.721239089441514,8.649956124846547,8.829938248297731,6.445653531151834,1
9.321182824836123,6.090919193025105,2.026326341353432,4.452272070282127,1
5.65133183589209,7.980810544806433,5.875858711094018,4.666566594243897,1
6.966508238768922,5.4973250851728235,7.011395944174737,6.448309027134827,1
9.224993811772958,7.604488937744196,6.801118854469727,6.791892960880815,1
7.072386343133986,7.473524737595872,4.081516908666981,3.18365176197609,1
1.5253904291426135,3.822665128000044,0.15394891691308477,0.006055445694389872,0
5.762883601668132,3.731239963711338,5.829260568042631,4.556247107652478,0
6.067150463828559,6.190510163524503,2.5310153917960876,3.717214245127276,1
4.24130671302386,5.098939713685006,4.502542461428903,5.443958271730409,1
7.3644423562472285,8.750653570773517,9.575810150838173,5.168976280976068,1
9.343670147690148,9.696553258244599,3.990353176424347,6.374530268608252,1
9.255685129067764,8.52162945090112,8.398016066644267,8.636360492855452,1
4.508393714041321,2.853213272743882,1.8854060574925113,5.09126841969121,1
1.1323804584075525,1.304668224500302,6.724604980250288,2.1791743000949015,0
9.848411989623346,7.704133965652131,9.770069544389434,8.346656310848703,1
8.388980864459342,2.546279897470127,1.018931008729368,5.069930092047128,1
1.2466268120326685,2.119746420348004,0.08319942227192012,0.8437549642512011,0
9.208418826173723,11.016288508346113,4.335827926326143,5.806112589745399,1
8.698963620621283,3.9730987495376064,0.926254830513672,5.063333648964789,1
5.188380571260721,3.168919161840846,7.483843496762313,2.3070972494393684,0
5.912754357449293,7.151062879459689,9.14548663848559,6.3820926603329555,1
3.9900270387013026,8.1050179781247,4.340209727087588,3.423254341138895,1
0.5476163882203133,0.5892038035711291,2.5871164215544096,0.8274682237982142,0
3.3519724164590095,1.8959665340007406,4.344033190066098,5.026058360968892,0
8.028534485980114,7.662741603770433,7.2344781785000105,5.509676677749508,1
0.04632023004602859,2.796073068342398,0.09054161580370979,-0.35275338930090355,0
3.334991716911442,2.043063358662371,5.894539894846972,5.427411129114546,0
3.9816869359094333,2.383302922608926,6.132916848873791,2.998657217766997,0
5.373956029379229,4.408468985015164,6.376882468959355,4.049927472440882,0
9.198556164127606,7.291898947610181,2.420220799808772,5.178318898575585,1
3.4634599436596125,3.7088005756492035,7.140527233781268,4.714622624093735,0
3.469532018962277,6.718888935901399,0.9139148633177641,2.2167429758297814,1
7.3750124810974835,8.021171027329542,1.9927033646680081,2.9926919027968815,1
4.522179408898071,4.017472404645496,8.77470046654482,4.361331281285292,0
2.2460482293998196,1.6624256915687314,7.387231507265664,2.7318391336673975,0
4.524395161326934,1.39801354393362,0.1374555401134525,2.2262131974744572,0
1.4085702037979986,3.1747897580923166,2.4837626036980023,1.875257541638229,0
1.763869865062233,1.608195471036629,2.1440648299316454,1.9433601373985823,0
4.983677727394797,4.622717900213546,2.7080632803697258,1.528246093759914,1
4.189254495045479,10.575469630735201,2.475597702798864,3.9012475459232547,1
9.148459010681,9.745964827412372,0.6252629574284574,5.01437723856566,1
3.623938991166331,2.1203568909759625,4.589405165968204,4.573323092967533,0
5.805883502780435,4.953168310369348,7.327334747861651,5.545340503039385,0
6.322642879195303,8.619534297588814,6.067317247174364,6.082839571485723,1
0.13094456588333636,0.3574853869588653,6.728716685980798,2.5506326001860344,0
6.635373720167106,3.7588177635323725,0.8114917853623915,4.907360151895019,1
1.7803596686975143,3.6188175378479213,9.514907101767871,4.266902600896897,0
9.610703174694551,8.274415003616564,8.384918338430248,7.2229118424334455,1
1.4866272775311296,5.233222829966221,8.050903184956628,5.431019314699435,0
4.146241237270237,6.306337368699534,8.229838050417674,5.431109156040313,0
0.8534966807864386,-0.04114711053106379,9.327105081327613,3.798624285795916,0
9.968742518459473,12.5307752419297,5.442539661136977,5.340828741032494,1
5.021950103312426,5.157661124367232,2.002820178676259,1.8235134877955526,1
5.953850173200438,7.659397523444877,6.167836078525411,5.119991392299696,1
0.6707647738842748,1.6402304084732244,7.42881493667939,2.7095480657141953,0
7.499604703991778,5.806891394010031,7.379173933540254,5.349431967049648,1
2.0990559309558576,0.8119562663209337,5.214490241668801,2.754857737590629,0
8.980542894407137,11.040464529569459,0.6845871933357806,6.284274533247899,1
2.0513964048200717,1.38184574060699,3.7111293843012785,2.834439492250718,0
1.9068772066366657,1.0995802801526722,9.207666084633573,2.5747299189556667,0
0.3654966784809488,0.5447484802177571,5.84448909757426,1.8245862413698086,0
4.720669451099992,5.567867582286914,5.383319432557134,3.1703640744645756,1
5.648411332626164,9.773461171112455,2.688535143821935,3.2430662930511014,1
0.6570863942835237,0.477979434225022,3.684489199165789,1.0202742912618556,0
7.755276166950106,7.803715080295622,8.953460891531693,6.086030768330556,1
4.532888347480276,7.357329458311135,6.664630475268357,3.01069794434725,1
5.243902693275801,5.084619910784371,7.873870267523328,4.856457745376709,0
4.407627469382281,5.312371061881749,4.543454230676551,3.006242367046796,1
4.00763060875326,1.8828435524595006,6.302472194561579,0.9651082727428357,0
5.596403313082179,6.453017507497476,2.483836087432075,5.596324507272374,1
1.552402459307125,1.1781139292980276,7.054608302834863,3.981353374720693,0
1.8192813049527112,3.7907412963124374,4.276013337033373,1.8161439286613712,0
8.617856210135173,10.992628313264674,4.4254551481474556,5.655383699252421,1
9.461154621336327,14.640281905373556,6.493223245768816,5.5068899370812465,1
3.7330931627975295,4.892359509224681,9.362806214689266,6.371111323616409,0
2.707446731435538,3.359039364599871,0.6400634660862092,3.4430311003167433,1
6.439995432390157,6.828764035544829,8.247432373470076,5.850921156482626,1
4.087341710980964,3.3810091253595873,2.9238311041219314,3.944350830912406,0
0.2538635566034486,0.9308312435268309,4.439194545063778,1.6339769207547814,0
1.5615259736619036,0.9707231533838447,0.21913328775008956,-0.490222465719952,0
7.159722288473976,7.496644241013204,3.0104607783431305,4.07117600877627,1
6.589239419101514,9.224434490317433,5.026312426301304,4.934441404213104,1
0.2709599250348349,0.7421252055244474,0.5617607734743901,-0.1505395241837097,0
2.219721619329494,4.499478741587585,4.910957293831651,2.364494720379206,0
2.310747965880714,4.944978100560444,9.271106288584273,3.8453063120065245,0
6.718927435987284,6.482790382005127,1.0539321810780522,3.594764874451597,1
0.19710537754364155,-4.046604420473548,7.644407280755043,2.444133363495817,0
1.0410858198457384,-0.1745581543431265,4.096710533759927,0.6889510036542461,0
7.999160853731894,10.593149946854112,6.55173714524338,5.248085421311025,1
1.7854466205433361,1.7397104959455718,2.6023659798522933,0.3888488385273867,0
6.527461078518747,4.528856613928925,1.5949226254135829,4.720022876569649,1
2.381827810467265,1.3722779680108304,1.6046261427122643,-0.4333451937930126,0
0.9944139275934516,2.675653980602558,0.7049194564314465,1.862273144043085,0
2.4317219099945406,3.5251890463972995,1.8564670490124302,3.159150466963843,0
7.2226693185565916,6.744805120217203,6.642193849889683,5.301812227262579,1
8.556964681062858,7.823315857433483,8.81690611843508,4.320417088234655,1
8.302198645669916,7.518682347582272,8.141256855911617,6.232165817641153,1
3.9718352961845484,2.1270149271875436,6.851343098744841,3.9771364164269074,0
6.680851365706461,9.911602744645345,1.1043186341110267,2.661123053157625,1
2.0498429541582097,1.4052020157355298,2.8918744629594983,1.3772654221587115,0
2.9314773026101326,5.365794344261126,3.0980687532246898,3.9253544761358246,1
8.963358185211197,12.0059902890561,2.4995694639762123,5.896477094100202,1
0.13001923510736035,2.126641031403281,5.150056597097231,0.6854624823047498,0
0.8550853085446808,-0.00815531689141602,5.355538148796725,0.436604929315926,0
2.078862551460273,2.886322732133492,3.568859751711102,1.783071883633696,0
0.26532203873819715,0.21693082595636481,3.53789158736436,0.9805717162279683,0
1.8143543508979731,0.006950629437716849,8.285555979060813,3.8890431565305463,0
5.830415609696922,6.479134173140128,7.892928483196856,4.747769637239858,0
4.214245505924979,1.8561659236053742,3.0779583168074565,3.542009823366588,0
8.926717110769749,11.302075887692876,9.137884438732593,9.139877927064882,1
8.17443561738441,7.245201022787623,9.52815017002506,7.761163882143986,1
3.4181735169787597,3.820492828724438,3.267425420300408,2.6412258772487296,0
2.594234334312925,3.1608100774052095,3.5442494879305486,2.1772415424823324,0
3.7969240816726693,3.2791141342645145,5.056341534219588,3.05869136692234,0
5.902949425148077,7.076337028098626,9.411208125336735,6.955478062627203,1
2.6806364082287626,1.7308290949837137,8.763194331423115,3.3419630575900126,0
6.24148907849134,7.984083673405829,1.025679625835898,3.473671135996422,1
4.0941165219124045,1.4021571614189074,3.927307432714162,3.2764483926515364,0
5.520471808519803,5.773230967612626,5.533711897497718,3.9185652806976847,1
4.361265291353167,8.239123289469736,5.0313247255154,2.3175645154471027,1
2.9446575954191765,0.943994946208027,1.9386306793689267,2.3768925051379344,0
9.484533069621566,8.129043128571864,8.588167711681546,7.2577128764598635,1
7.636057941597608,8.663873640915439,6.769407829968373,6.349091789225886,1
1.4011317576645255,1.7602953215437214,8.379083748518037,2.6806906969485067,0
8.684679758979128,9.385939957526245,8.587642793494721,8.139454016351028,1
4.874311982495136,5.852686242790464,7.483558536657398,3.8054497710329427,0
8.945522268940914,10.214965206064454,4.392106012497173,7.502433222237502,1
7.998552559473152,10.217952243385598,6.105467550154246,4.083280034954589,1
4.252135044692334,5.071772358549359,1.6036540611974315,3.0419338052622877,1
0.22469308320117398,-0.25782222603591093,6.736454174749077,2.6087134765519333,0
2.686773593849461,4.031920996254923,1.7925325573928075,1.0855894962016903,0
5.416342146608669,9.2161060163991,6.939495905101568,5.214413782695817,1
6.334782198261473,6.069514705496325,2.2959816075396864,5.135704251152801,1
2.578876854332023,0.6298182449907401,1.1755130015021997,-0.574726511737393,0
1.3935607407282413,3.607722079302187,1.6528449014295743,1.6953786482838074,0
8.34930236799299,8.108540040085794,0.01992135219070268,1.6873567693236282,1
9.84402180703552,5.498682715007448,7.187396178535303,6.112564953555142,1
5.256901823026858,6.951745177327702,7.324010490583791,6.454820423589512,1
1.716792858483035,0.6461364865751895,5.149333499132594,1.8214144455892418,0
2.7230732651936895,2.542006700585368,1.613628010553837,0.6717450713540232,0
0.18390676547466733,0.8478674266126964,0.8355433751068975,0.14467866628472104,0
9.14298806560499,9.523987425163124,0.1912896643728701,6.696787270277908,1
1.1775108289014113,2.5964144631794905,1.657481769652207,-0.7456823018596583,0
5.765164755142536,4.894192014002849,8.908555349831467,4.503839070881363,0
2.74055220687206,3.7667638032242254,2.4153684170168175,3.5923183117207014,0
5.541780025157934,5.022686669990099,3.542713272172157,5.691406337768346,1
6.514203883518642,7.991824845293649,1.0534548448133318,3.469707170913037,1
8.297418037072017,9.528153005098124,2.223613047481703,3.5767402302538773,1
2.064212717606032,0.1933353135168412,5.192245707802051,4.685623572952791,0
0.10995828658480478,2.281922518934869,6.077526830956526,3.4726795843285565,0
1.3688563006880727,0.2969294104599767,2.4535231416621106,2.0994320806049025,0
9.00018641848105,10.61630201504334,0.5773215922511721,3.8608873379784567,1
8.738900775625153,9.473475402427834,3.9103286912739863,5.493519654356735,1
5.974131021703083,9.650498375293328,2.342033709263341,3.5293155425857132,1
6.005168604336534,5.558236639592829,2.195539232298019,3.9920973764732506,1
6.650366745462555,5.95173315322616,9.598628027134552,7.655773219002979,0
1.753712786234496,1.7148735744590307,6.16300485925724,3.6051748920318234,0
9.144119459249598,8.537759893581047,5.5687844317209585,5.165318982156328,1
4.187705248920731,5.787589052804831,4.157751035233219,4.717674385049869,1
3.8313852824949746,0.5987640656217987,4.289443334301443,3.5156577815510754,0
5.189177052828375,3.0818122145356672,5.4090500383808084,4.904369333787346,0
0.46965966775055046,0.6659461754078357,6.964298070361073,3.7906601142622005,0
1.662833687560794,3.5634488715079455,7.021460961818295,1.826274882812334,0
7.380336164263705,10.801562909427556,1.7169390770544957,4.169424226541738,1
0.8279866792512647,0.6190882421763217,5.0011275207662695,1.3828770444962981,0
6.031521094663882,5.693877648283861,4.119580950341019,2.683775407068791,1
2.4534910968132095,2.5935954230395724,8.705269662693842,4.185036424819677,0
3.8929561404197655,6.216712745636146,6.314189212183764,6.352291385449435,1
2.8869373677069987,1.0322310993258506,5.325040664159818,1.2009031385956919,0
3.5567271646494913,4.033465130119062,1.1539464217891737,2.0922668978120273,1
7.1904590518424545,9.140854311407313,6.056378893234115,6.052686128966235,1
2.9712171562317504,3.973405496111441,1.1720390568023342,1.9602984968127566,1
5.664046402968972,6.043209636166459,3.3720657556575206,3.730514875666002,1
4.760504021990997,6.762596207125279,1.4284196481433187,1.5095615419926698,1
6.636711653626481,1.2302470676280066,6.920736470243689,5.627363510826511,0
9.36829739324758,10.724048032309396,2.062521138361526,4.546141061116322,1
7.325720972102503,6.0175696058476555,3.91859373188026,2.648516900636776,1
2.149403785907568,0.511862007805346,8.956747776187786,4.95631844632385,0
0.3118313506128467,1.3342365496628081,2.043163833989703,1.7272506453453766,0
2.622640442998251,5.3699575333241665,5.078050639587791,2.8863963902265426,0
5.9507793070025485,5.6758822777471645,4.19271661166022,4.462279325205043,1
0.5142581348425035,2.420007229248381,0.18124041045729733,1.3858192032740022,0
4.963662472012364,8.188218987989654,7.927581135728127,5.084445233502702,1
5.968428489168892,8.598257396336987,0.6904590631459973,4.0953695182895595,1
3.3424389081696084,6.622367966912394,4.7425502097695365,2.7965023161418148,1
7.7091220374582194,9.193377019602003,5.606782949389499,6.8485796421199066,1
1.065982531337718,1.2168498091409037,6.284264566145871,2.739056361445304,0
0.7513778173580876,-2.4525538064362493,6.886316293078756,2.6356357402085444,0
7.281887562036033,6.789762585776136,2.532723835227151,3.13069984287413,1
4.954913162061985,3.2684199714296014,0.09978776658449373,2.794348765308049,1
6.88402396427736,11.225909399272988,7.2344366235491195,4.7803880517089645,1
4.348273386037462,3.996501761172789,5.356565993475786,3.142823764532973,0
2.464020332391068,2.7104299459600396,8.361177032072488,2.924987647501159,0
8.191023176741997,9.293993928822932,8.213883629006943,5.493441745173857,1
7.994158789689792,8.0813636824347,8.433261677878832,8.651829301225508,1
6.946964708544268,10.337066789405775,4.850946599795401,6.260105396199158,1
2.7214513722996267,1.4761526488307228,3.3362839583686563,4.281978375804671,0
5.902306668690871,6.291521579165356,7.9155820259137,4.102932922563982,0
3.6097389694002677,2.1247977980041712,4.51294113029255,3.2300055736987914,0
0.9158207332663415,0.72422428917507,1.834421964034345,-0.2852706693606215,0
9.173135754622429,7.949597572811858,8.549740195614744,6.455795058798574,1
1.368186309189614,1.29411271509279,8.825598767723474,2.413645801495274,0
9.502373538208024,8.643769089173505,4.663097561401701,7.3897000439660845,1
4.460057729579558,3.0752157698318454,0.7569972730978747,2.0608983686173814,1
